feature,importance
age,0.27737638354435096
systolic_bp,0.1900377817337066
cholesterol,0.13637446454581242
smoking_status,0.0955473013311161
pulse_pressure,0.09016637391966097
fasting_glucose,0.04200669873375672
bmi,0.040088343107496656
diastolic_bp,0.034922185587826136
resting_heart_rate,0.031909089074008655
BP_category,0.031413502952650475
exercise_frequency,0.023273676810717136
gender,0.006884198658897156
