Model,Accuracy,Precision,Recall,ROC-AUC
Random Forest,1.0,1.0,1.0,1.0
Neural Network,0.88,0.9565217391304348,0.6666666666666666,0.9579375848032564
